SKU,Product_Name,Category,Subcategory,Current_Stock,On_Order,Reorder_Point,Safety_Stock,Lead_Time_Days,Current_Stock_Coverage_Days,Total_Stock_Coverage_Days,Risk_Level,Risk_Score,Recommended_Action,Business_Action,Potential_Revenue_Exposure,Potential_Gross_Margin_Exposure,Excess_Inventory_Value,Reorder_Investment,Forecast_4_Week_Units,Avg_Weekly_Forecast
SKU017,Product 017,Home Decor,Cabinet,95,26,274,108,12,7.11,9.06,Critical,5.0,Urgent Reorder,Reorder Now,2412645.272,504897.476,0.0,2631699.876,405.6,101.4
SKU012,Product 012,Home Decor,Table,47,60,58,16,12,2.04,4.65,Critical,4.8,Urgent Reorder,Reorder Now,5169907.611900001,4429762.7976,0.0,760255.0543000001,695.87,173.9675
SKU031,Product 031,Furniture,Chair,93,40,113,28,13,5.74,8.2,Critical,4.65,Urgent Reorder,Reorder Now,3555576.4842000008,985289.3232000002,0.0,2746705.361,540.94,135.235
SKU040,Product 040,Storage,Sofa,67,29,93,36,9,5.34,7.66,Critical,4.42,Urgent Reorder,Reorder Now,734947.4495999999,-815308.3341,0.0,1736342.3036999998,395.91,98.9775
SKU010,Product 010,Storage,Sofa,83,70,60,22,13,5.9,10.87,Critical,4.37,Urgent Reorder,Reorder Now,200716.5538,-975840.768,0.0,1262116.6418,455.53,113.8825
SKU023,Product 023,Kitchen,Cushion,130,79,148,41,12,10.22,16.44,Critical,4.0,Expedite Existing Order,Reorder Now,323795.927,-244045.69,0.0,669707.757,437.55,109.3875
SKU034,Product 034,Lighting,Cookware,34,103,58,34,5,1.85,7.46,Critical,4.0,Expedite Existing Order,Reorder Now,631105.9794000001,76785.79410000001,0.0,599656.8053000001,552.71,138.1775
SKU042,Product 042,Home Decor,Table,90,120,88,41,6,4.68,10.91,Critical,4.0,Expedite Existing Order,Reorder Now,3905731.229699999,1959470.1123,0.0,2134199.3774,634.5899999999999,158.64749999999998
SKU007,Product 007,Home Decor,Cabinet,207,460,237,98,8,9.33,30.07,High,3.0,Monitor Incoming Stock,Reorder Now,58914.31679999991,-30344.947199999955,0.0,848582.8639999998,678.52,169.63
SKU009,Product 009,Lighting,Organizer,75,89,131,63,7,8.5,18.59,High,3.0,Monitor Incoming Stock,Reorder Now,379557.6738,-127364.8914,0.0,703549.3452,326.42,81.605
SKU014,Product 014,Lighting,Cookware,309,334,299,130,10,16.29,33.91,High,3.0,Monitor Incoming Stock,Reorder Now,0.0,0.0,0.0,118082.65449999992,571.79,142.9475
SKU018,Product 018,Kitchen,Rug,235,102,184,66,8,10.72,15.37,High,3.0,Monitor Incoming Stock,Reorder Now,1955965.3362,-35657.34479999999,0.0,2366307.981,687.8199999999999,171.95499999999998
SKU019,Product 019,Lighting,Organizer,227,114,126,25,14,15.5,23.29,High,3.0,Monitor Incoming Stock,Reorder Now,557945.836,248769.3976,0.0,375947.4384,456.76,114.19
SKU021,Product 021,Furniture,Chair,88,97,88,36,9,13.39,28.15,High,3.0,Monitor Incoming Stock,Reorder Now,243599.33520000003,38677.5324,0.0,438450.9228,216.59,54.1475
SKU022,Product 022,Home Decor,Table,95,194,163,76,8,10.9,33.16,High,3.0,Monitor Incoming Stock,Reorder Now,119798.6018,35026.4642,0.0,331997.09760000004,315.06,78.765
SKU029,Product 029,Lighting,Organizer,261,520,329,196,5,19.49,58.31,High,3.0,Monitor Incoming Stock,Watch / Volatile,0.0,0.0,720921.6096000003,0.0,451.56,112.89
SKU033,Product 033,Kitchen,Cushion,208,168,183,55,12,12.26,22.16,High,3.0,Monitor Incoming Stock,Reorder Now,398140.1999999999,-123060.90599999996,0.0,777376.8059999999,487.9,121.975
SKU037,Product 037,Home Decor,Cabinet,355,687,644,315,8,15.73,46.16,High,3.0,Monitor Incoming Stock,Watch / Volatile,0.0,-0.0,313289.30999999976,0.0,646.69,161.6725
SKU015,Product 015,Storage,Lamp,187,245,265,119,9,55.7,128.68,Medium,2.0,Monitor,Healthy,0.0,0.0,1168848.5092,0.0,98.18,24.545
SKU028,Product 028,Kitchen,Rug,174,55,337,114,11,32.48,42.75,Medium,2.0,Monitor,Reorder Now,0.0,-0.0,0.0,148241.21099999995,138.35,34.5875
SKU038,Product 038,Kitchen,Rug,159,310,175,56,12,20.52,60.52,Medium,2.0,Monitor,Healthy,0.0,-0.0,937322.0036,0.0,210.58,52.645
SKU001,Product 001,Furniture,Chair,771,147,289,159,4,62.57,74.5,Low,1.0,No Action,Markdown / Clear,0.0,0.0,689347.569,0.0,366.98,91.745
SKU002,Product 002,Home Decor,Table,526,29,149,94,3,56.65,59.77,Low,1.0,No Action,Markdown / Clear,0.0,-0.0,774036.7344,0.0,260.84000000000003,65.21000000000001
SKU003,Product 003,Kitchen,Cushion,349,12,123,88,3,66.48,68.76,Low,1.0,No Action,Markdown / Clear,0.0,0.0,75907.3396,0.0,144.23,36.0575
SKU004,Product 004,Lighting,Cookware,259,254,196,98,6,67.15,133.0,Low,1.0,No Action,Healthy,0.0,0.0,405457.783,0.0,134.55,33.6375
SKU005,Product 005,Storage,Lamp,471,291,245,129,6,30.11,48.71,Low,1.0,No Action,Healthy,0.0,0.0,992420.6426,0.0,453.98,113.495
SKU006,Product 006,Furniture,Shelf,359,485,340,129,13,66.57,156.5,Low,1.0,No Action,Healthy,0.0,0.0,3235090.4902,0.0,177.78,44.445
SKU008,Product 008,Kitchen,Rug,325,155,161,91,3,22.14,32.7,Low,1.0,No Action,Reorder Now,0.0,0.0,0.0,190902.5684999999,457.79,114.4475
SKU011,Product 011,Furniture,Chair,753,269,247,179,3,296.96,403.04,Low,1.0,No Action,Markdown / Clear,0.0,-0.0,1308802.176,0.0,81.36,20.34
SKU013,Product 013,Kitchen,Cushion,151,95,61,32,4,12.33,20.08,Low,1.0,No Action,Reorder Now,663008.3669999999,209696.2105,0.0,579286.8764999999,361.15,90.2875
SKU016,Product 016,Furniture,Shelf,255,187,129,30,11,21.38,37.05,Low,1.0,No Action,Healthy,0.0,-0.0,125544.96429999996,0.0,377.49,94.3725
SKU020,Product 020,Storage,Sofa,1002,353,227,129,3,80.16,108.4,Low,1.0,No Action,Markdown / Clear,0.0,-0.0,5743784.5728,0.0,368.72,92.18
SKU024,Product 024,Lighting,Cookware,341,18,259,60,14,29.93,31.51,Low,1.0,No Action,Reorder Now,0.0,-0.0,0.0,173547.52220000024,330.33000000000004,82.58250000000001
SKU025,Product 025,Storage,Lamp,1124,61,582,121,14,572.22,603.27,Low,1.0,No Action,Markdown / Clear,0.0,0.0,1305565.2288,0.0,84.64,21.16
SKU026,Product 026,Furniture,Shelf,160,70,59,31,5,8.62,12.38,Low,1.0,No Action,Reorder Now,4411807.0866,3686171.4225,0.0,781413.6540999999,633.29,158.3225
SKU027,Product 027,Home Decor,Cabinet,567,103,133,83,3,25.65,30.31,Low,1.0,No Action,Reorder Now,167691.85400000046,161645.84260000047,0.0,31531.991400000017,689.69,172.4225
SKU030,Product 030,Storage,Sofa,166,32,104,43,9,39.73,47.38,Low,1.0,No Action,Healthy,0.0,0.0,149962.38720000006,0.0,128.76,32.19
SKU032,Product 032,Home Decor,Table,278,214,185,60,11,33.12,58.62,Low,1.0,No Action,Healthy,0.0,0.0,662690.9940000001,0.0,257.91,64.47749999999999
SKU035,Product 035,Storage,Lamp,670,76,304,137,8,37.22,41.44,Low,1.0,No Action,Healthy,0.0,0.0,33172.70759999996,0.0,579.84,144.96
SKU036,Product 036,Furniture,Shelf,383,135,129,77,3,89.37,120.87,Low,1.0,No Action,Markdown / Clear,0.0,0.0,1650159.1668,0.0,137.11,34.2775
SKU039,Product 039,Lighting,Organizer,93,35,31,17,3,34.26,47.16,Low,1.0,No Action,Healthy,0.0,0.0,162068.35020000002,0.0,84.77,21.1925
SKU041,Product 041,Furniture,Chair,440,40,139,78,4,43.38,47.32,Low,1.0,No Action,Healthy,0.0,0.0,401357.2159999999,0.0,313.6,78.4
SKU043,Product 043,Kitchen,Cushion,559,211,393,142,12,28.36,39.06,Low,1.0,No Action,Healthy,0.0,0.0,39292.59880000011,0.0,612.92,153.23
SKU044,Product 044,Lighting,Cookware,223,39,93,55,5,29.31,34.44,Low,1.0,No Action,Reorder Now,99640.07479999984,90640.53039999984,0.0,35885.74439999998,280.41,70.10249999999999
SKU045,Product 045,Storage,Lamp,307,142,142,88,4,13.64,19.96,Low,1.0,No Action,Reorder Now,1662637.0124000004,875464.0076000001,0.0,1107014.2848,665.58,166.395
SKU046,Product 046,Furniture,Shelf,119,182,96,46,4,15.64,39.57,Low,1.0,No Action,Reorder Now,0.0,0.0,0.0,16299.015599999964,263.52,65.88
SKU047,Product 047,Home Decor,Cabinet,201,129,99,44,9,15.13,24.84,Low,1.0,No Action,Reorder Now,645536.0504,367738.7984,0.0,428105.652,411.32,102.83
SKU048,Product 048,Kitchen,Rug,106,50,31,22,3,14.41,21.2,Low,1.0,No Action,Reorder Now,90705.4125,-360594.04,0.0,602304.5925,221.75,55.4375
SKU049,Product 049,Lighting,Organizer,780,599,344,206,5,35.23,62.28,Low,1.0,No Action,Healthy,0.0,0.0,1001497.9135,0.0,687.55,171.8875
SKU050,Product 050,Storage,Sofa,328,525,316,69,14,58.13,151.16,Low,1.0,No Action,Markdown / Clear,0.0,0.0,436136.6085,0.0,162.59,40.6475
