Week_Start,SKU,Forecast_Units
2026-01-05,SKU001,90.83
2026-01-12,SKU001,91.05
2026-01-19,SKU001,91.55
2026-01-26,SKU001,93.55
2026-01-05,SKU002,60.74
2026-01-12,SKU002,66.26
2026-01-19,SKU002,63.34
2026-01-26,SKU002,70.5
2026-01-05,SKU003,35.79
2026-01-12,SKU003,36.24
2026-01-19,SKU003,34.55
2026-01-26,SKU003,37.65
2026-01-05,SKU004,33.59
2026-01-12,SKU004,34.04
2026-01-19,SKU004,33.62
2026-01-26,SKU004,33.3
2026-01-05,SKU005,109.09
2026-01-12,SKU005,119.35
2026-01-19,SKU005,113.13
2026-01-26,SKU005,112.41
2026-01-05,SKU006,45.43
2026-01-12,SKU006,43.35
2026-01-19,SKU006,44.89
2026-01-26,SKU006,44.11
2026-01-05,SKU007,167.65
2026-01-12,SKU007,159.55
2026-01-19,SKU007,176.87
2026-01-26,SKU007,174.45
2026-01-05,SKU008,116.22
2026-01-12,SKU008,116.9
2026-01-19,SKU008,112.65
2026-01-26,SKU008,112.02
2026-01-05,SKU009,80.48
2026-01-12,SKU009,82.41
2026-01-19,SKU009,81.23
2026-01-26,SKU009,82.3
2026-01-05,SKU010,115.65
2026-01-12,SKU010,115.95
2026-01-19,SKU010,112.94
2026-01-26,SKU010,110.99
2026-01-05,SKU011,19.35
2026-01-12,SKU011,21.03
2026-01-19,SKU011,20.42
2026-01-26,SKU011,20.56
2026-01-05,SKU012,174.85
2026-01-12,SKU012,172.6
2026-01-19,SKU012,171.53
2026-01-26,SKU012,176.89
2026-01-05,SKU013,88.8
2026-01-12,SKU013,90.81
2026-01-19,SKU013,90.39
2026-01-26,SKU013,91.15
2026-01-05,SKU014,135.15
2026-01-12,SKU014,138.62
2026-01-19,SKU014,154.94
2026-01-26,SKU014,143.08
2026-01-05,SKU015,24.57
2026-01-12,SKU015,24.33
2026-01-19,SKU015,23.31
2026-01-26,SKU015,25.97
2026-01-05,SKU016,91.21
2026-01-12,SKU016,90.87
2026-01-19,SKU016,100.29
2026-01-26,SKU016,95.12
2026-01-05,SKU017,100.16
2026-01-12,SKU017,100.87
2026-01-19,SKU017,102.37
2026-01-26,SKU017,102.2
2026-01-05,SKU018,172.06
2026-01-12,SKU018,170.72
2026-01-19,SKU018,170.34
2026-01-26,SKU018,174.7
2026-01-05,SKU019,112.31
2026-01-12,SKU019,116.2
2026-01-19,SKU019,115.31
2026-01-26,SKU019,112.94
2026-01-05,SKU020,88.77
2026-01-12,SKU020,91.19
2026-01-19,SKU020,95.25
2026-01-26,SKU020,93.51
2026-01-05,SKU021,54.11
2026-01-12,SKU021,51.85
2026-01-19,SKU021,52.2
2026-01-26,SKU021,58.43
2026-01-05,SKU022,79.02
2026-01-12,SKU022,76.27
2026-01-19,SKU022,80.04
2026-01-26,SKU022,79.73
2026-01-05,SKU023,110.9
2026-01-12,SKU023,104.54
2026-01-19,SKU023,109.19
2026-01-26,SKU023,112.92
2026-01-05,SKU024,82.65
2026-01-12,SKU024,82.68
2026-01-19,SKU024,80.3
2026-01-26,SKU024,84.7
2026-01-05,SKU025,21.64
2026-01-12,SKU025,21.29
2026-01-19,SKU025,21.22
2026-01-26,SKU025,20.49
2026-01-05,SKU026,156.9
2026-01-12,SKU026,153.66
2026-01-19,SKU026,158.5
2026-01-26,SKU026,164.23
2026-01-05,SKU027,170.9
2026-01-12,SKU027,170.43
2026-01-19,SKU027,176.36
2026-01-26,SKU027,172.0
2026-01-05,SKU028,33.17
2026-01-12,SKU028,33.45
2026-01-19,SKU028,35.18
2026-01-26,SKU028,36.55
2026-01-05,SKU029,114.01
2026-01-12,SKU029,115.04
2026-01-19,SKU029,107.91
2026-01-26,SKU029,114.6
2026-01-05,SKU030,32.38
2026-01-12,SKU030,30.55
2026-01-19,SKU030,32.55
2026-01-26,SKU030,33.28
2026-01-05,SKU031,131.17
2026-01-12,SKU031,132.84
2026-01-19,SKU031,137.81
2026-01-26,SKU031,139.12
2026-01-05,SKU032,61.73
2026-01-12,SKU032,67.15
2026-01-19,SKU032,63.66
2026-01-26,SKU032,65.37
2026-01-05,SKU033,116.89
2026-01-12,SKU033,123.91
2026-01-19,SKU033,117.9
2026-01-26,SKU033,129.2
2026-01-05,SKU034,130.37
2026-01-12,SKU034,136.88
2026-01-19,SKU034,140.88
2026-01-26,SKU034,144.58
2026-01-05,SKU035,141.52
2026-01-12,SKU035,141.78
2026-01-19,SKU035,149.06
2026-01-26,SKU035,147.48
2026-01-05,SKU036,34.09
2026-01-12,SKU036,34.31
2026-01-19,SKU036,34.17
2026-01-26,SKU036,34.54
2026-01-05,SKU037,156.0
2026-01-12,SKU037,157.64
2026-01-19,SKU037,165.09
2026-01-26,SKU037,167.96
2026-01-05,SKU038,51.69
2026-01-12,SKU038,51.91
2026-01-19,SKU038,53.49
2026-01-26,SKU038,53.49
2026-01-05,SKU039,21.7
2026-01-12,SKU039,21.32
2026-01-19,SKU039,20.37
2026-01-26,SKU039,21.38
2026-01-05,SKU040,98.22
2026-01-12,SKU040,97.07
2026-01-19,SKU040,96.15
2026-01-26,SKU040,104.47
2026-01-05,SKU041,79.27
2026-01-12,SKU041,75.22
2026-01-19,SKU041,78.15
2026-01-26,SKU041,80.96
2026-01-05,SKU042,151.5
2026-01-12,SKU042,159.32
2026-01-19,SKU042,159.1
2026-01-26,SKU042,164.67
2026-01-05,SKU043,155.64
2026-01-12,SKU043,148.42
2026-01-19,SKU043,148.92
2026-01-26,SKU043,159.94
2026-01-05,SKU044,71.03
2026-01-12,SKU044,71.03
2026-01-19,SKU044,69.46
2026-01-26,SKU044,68.89
2026-01-05,SKU045,167.06
2026-01-12,SKU045,156.61
2026-01-19,SKU045,170.7
2026-01-26,SKU045,171.21
2026-01-05,SKU046,70.37
2026-01-12,SKU046,63.85
2026-01-19,SKU046,63.32
2026-01-26,SKU046,65.98
2026-01-05,SKU047,102.88
2026-01-12,SKU047,101.27
2026-01-19,SKU047,103.42
2026-01-26,SKU047,103.75
2026-01-05,SKU048,52.83
2026-01-12,SKU048,51.98
2026-01-19,SKU048,59.47
2026-01-26,SKU048,57.47
2026-01-05,SKU049,175.13
2026-01-12,SKU049,172.44
2026-01-19,SKU049,169.11
2026-01-26,SKU049,170.87
2026-01-05,SKU050,38.7
2026-01-12,SKU050,40.59
2026-01-19,SKU050,42.23
2026-01-26,SKU050,41.07
