SKU,Product_Name,Category,Snapshot_Date,Current_Stock,On_Order,Reorder_Point,Current_Stock_Coverage_Days,Total_Stock_Coverage_Days,Current_Inventory_Value,Risk_Level,Risk_Score
SKU017,Product 017,Home Decor,2025-12-01,95,26,274,7.11,9.06,636809.7,Critical,5.0
SKU012,Product 012,Home Decor,2025-12-01,47,60,58,2.04,4.65,59073.83,Critical,4.8
SKU031,Product 031,Furniture,2025-12-01,93,40,113,5.74,8.2,585960.45,Critical,4.65
SKU040,Product 040,Storage,2025-12-01,67,29,93,5.34,7.66,346327.69,Critical,4.42
SKU010,Product 010,Storage,2025-12-01,83,70,60,5.9,10.87,322791.98,Critical,4.37
SKU023,Product 023,Kitchen,2025-12-01,130,79,148,10.22,16.44,322990.2,Critical,4.0
SKU034,Product 034,Lighting,2025-12-01,34,103,58,1.85,7.46,45336.62,Critical,4.0
SKU042,Product 042,Home Decor,2025-12-01,90,120,88,4.68,10.91,412547.4,Critical,4.0
SKU007,Product 007,Home Decor,2025-12-01,207,460,237,9.33,30.07,1603877.4,High,3.0
SKU009,Product 009,Lighting,2025-12-01,75,89,131,8.5,18.59,234079.5,High,3.0
SKU014,Product 014,Lighting,2025-12-01,309,334,299,16.29,33.91,620641.95,High,3.0
SKU018,Product 018,Kitchen,2025-12-01,235,102,184,10.72,15.37,1334106.75,High,3.0
SKU019,Product 019,Lighting,2025-12-01,227,114,126,15.5,23.29,606280.68,High,3.0
SKU021,Product 021,Furniture,2025-12-01,88,97,88,13.39,28.15,570848.96,High,3.0
SKU022,Product 022,Home Decor,2025-12-01,95,194,163,10.9,33.16,309031.2,High,3.0
SKU029,Product 029,Lighting,2025-12-01,261,520,329,19.49,58.31,1410075.99,High,3.0
SKU033,Product 033,Kitchen,2025-12-01,208,168,183,12.26,22.16,968809.92,High,3.0
SKU037,Product 037,Home Decor,2025-12-01,355,687,644,15.73,46.16,1384855.0,High,3.0
SKU015,Product 015,Storage,2025-12-01,187,245,265,55.7,128.68,1017478.22,Medium,2.0
SKU028,Product 028,Kitchen,2025-12-01,174,55,337,32.48,42.75,1104666.84,Medium,2.0
SKU038,Product 038,Kitchen,2025-12-01,159,310,175,20.52,60.52,736262.22,Medium,2.0
SKU001,Product 001,Furniture,2025-12-01,771,147,289,62.57,74.5,1355764.95,Low,1.0
SKU002,Product 002,Home Decor,2025-12-01,526,29,149,56.65,59.77,2034089.34,Low,1.0
SKU003,Product 003,Kitchen,2025-12-01,349,12,123,66.48,68.76,205728.52,Low,1.0
SKU004,Product 004,Lighting,2025-12-01,259,254,196,67.15,133.0,374446.66,Low,1.0
SKU005,Product 005,Storage,2025-12-01,471,291,245,30.11,48.71,2611049.73,Low,1.0
SKU006,Product 006,Furniture,2025-12-01,359,485,340,66.57,156.5,2161865.69,Low,1.0
SKU008,Product 008,Kitchen,2025-12-01,325,155,161,22.14,32.7,901923.75,Low,1.0
SKU011,Product 011,Furniture,2025-12-01,753,269,247,296.96,403.04,1293955.2,Low,1.0
SKU013,Product 013,Kitchen,2025-12-01,151,95,61,12.33,20.08,594443.21,Low,1.0
SKU016,Product 016,Furniture,2025-12-01,255,187,129,21.38,37.05,927672.15,Low,1.0
SKU020,Product 020,Storage,2025-12-01,1002,353,227,80.16,108.4,6713410.02,Low,1.0
SKU024,Product 024,Lighting,2025-12-01,341,18,259,29.93,31.51,1888914.94,Low,1.0
SKU025,Product 025,Storage,2025-12-01,1124,61,582,572.22,603.27,1498381.92,Low,1.0
SKU026,Product 026,Furniture,2025-12-01,160,70,59,8.62,12.38,287886.4,Low,1.0
SKU027,Product 027,Home Decor,2025-12-01,567,103,133,25.65,30.31,174103.02,Low,1.0
SKU030,Product 030,Storage,2025-12-01,166,32,104,39.73,47.38,948694.98,Low,1.0
SKU032,Product 032,Home Decor,2025-12-01,278,214,185,33.12,58.62,1058234.8,Low,1.0
SKU035,Product 035,Storage,2025-12-01,670,76,304,37.22,41.44,762198.7,Low,1.0
SKU036,Product 036,Furniture,2025-12-01,383,135,129,89.37,120.87,2079735.96,Low,1.0
SKU039,Product 039,Lighting,2025-12-01,93,35,31,34.26,47.16,574622.82,Low,1.0
SKU041,Product 041,Furniture,2025-12-01,440,40,139,43.38,47.32,1997705.6,Low,1.0
SKU043,Product 043,Kitchen,2025-12-01,559,211,393,28.36,39.06,1456535.99,Low,1.0
SKU044,Product 044,Lighting,2025-12-01,223,39,93,29.31,34.44,109011.32,Low,1.0
SKU045,Product 045,Storage,2025-12-01,307,142,142,13.64,19.96,1115809.92,Low,1.0
SKU046,Product 046,Furniture,2025-12-01,119,182,96,15.64,39.57,227650.57,Low,1.0
SKU047,Product 047,Home Decor,2025-12-01,201,129,99,15.13,24.84,686636.1,Low,1.0
SKU048,Product 048,Kitchen,2025-12-01,106,50,31,14.41,21.2,727570.22,Low,1.0
SKU049,Product 049,Lighting,2025-12-01,780,599,344,35.23,62.28,1609163.4,Low,1.0
SKU050,Product 050,Storage,2025-12-01,328,525,316,58.13,151.16,230206.8,Low,1.0
